1a6m,A,LEU ,   2, , -76.0, 145.3
1a6m,A,SER ,   3,h, -77.5, 166.8
1a6m,A,GLU ,   4,H, -59.4, -39.4
1a6m,A,GLY ,   5,H, -64.1, -39.1
1a6m,A,GLU ,   6,H, -66.2, -44.2
1a6m,A,TRP ,   7,H, -61.8, -37.1
1a6m,A,GLN ,   8,H, -59.8, -43.5
1a6m,A,LEU ,   9,H, -63.2, -42.0
1a6m,A,VAL ,  10,H, -61.5, -50.2
1a6m,A,LEU ,  11,H, -76.5, -22.6
1a6m,A,HIS ,  12,H, -66.5, -45.6
1a6m,A,VAL ,  13,H, -71.6, -34.7
1a6m,A,TRP ,  14,H, -62.9, -34.8
1a6m,A,ALA ,  15,H, -63.6, -28.4
1a6m,A,LYS ,  16,H, -70.5, -36.7
1a6m,A,VAL ,  17,H, -62.6, -44.5
1a6m,A,GLU ,  18,h, -65.7,  -6.9
1a6m,A,ALA ,  19,T, -76.1, -16.7
1a6m,A,ASP ,  20,h,-155.0,  67.3
1a6m,A,VAL ,  21,H, -56.4, -48.3
1a6m,A,ALA ,  22,H, -64.9, -41.0
1a6m,A,GLY ,  23,H, -65.8, -38.8
1a6m,A,HIS ,  24,H, -63.9, -42.3
1a6m,A,GLY ,  25,H, -62.1, -36.1
1a6m,A,GLN ,  26,H, -64.6, -50.6
1a6m,A,ASP ,  27,H, -59.5, -43.8
1a6m,A,ILE ,  28,H, -69.0, -48.1
1a6m,A,LEU ,  29,H, -64.7, -38.5
1a6m,A,ILE ,  30,H, -65.3, -41.7
1a6m,A,ARG ,  31,H, -61.6, -45.0
1a6m,A,LEU ,  32,H, -54.7, -51.7
1a6m,A,PHE ,  33,H, -67.7, -36.5
1a6m,A,LYS ,  34,H, -74.4, -43.7
1a6m,A,SER ,  35,H, -75.0, -26.0
1a6m,A,HIS ,  36,h,-141.8,  77.9
1a6m,A,PRO ,  37,H, -59.4, -22.6
1a6m,A,GLU ,  38,H, -57.8, -28.6
1a6m,A,THR ,  39,H, -69.6, -36.7
1a6m,A,LEU ,  40,H, -62.2, -37.0
1a6m,A,GLU ,  41,h, -63.6, -21.5
1a6m,A,LYS ,  42,T, -71.3, -10.9
1a6m,A,PHE ,  43,t,-108.4,  99.0
1a6m,A,ASP ,  44,T, -52.8, -34.4
1a6m,A,ARG ,  45,T, -63.8, -30.5
1a6m,A,PHE ,  46,T,-120.4, -12.3
1a6m,A,LYS ,  47,T, -67.9, -10.7
1a6m,A,HIS ,  48,T, -69.9, -18.3
1a6m,A,LEU ,  49,t, -75.5, 125.8
1a6m,A,LYS ,  50, ,-118.6, -14.0
1a6m,A,THR ,  51,h,-133.5, 159.3
1a6m,A,GLU ,  52,H, -61.0, -40.3
1a6m,A,ALA ,  53,H, -61.5, -39.6
1a6m,A,GLU ,  54,H, -64.1, -41.4
1a6m,A,MET ,  55,H, -59.8, -46.0
1a6m,A,LYS ,  56,H, -66.6, -25.2
1a6m,A,ALA ,  57,h, -87.7,  -4.5
1a6m,A,SER ,  58,h, -87.5, 113.4
1a6m,A,GLU ,  59,H, -67.5, -35.0
1a6m,A,ASP ,  60,H, -62.4, -41.1
1a6m,A,LEU ,  61,H, -62.5, -43.6
1a6m,A,LYS ,  62,H, -58.9, -43.4
1a6m,A,LYS ,  63,H, -60.6, -45.7
1a6m,A,HIS ,  64,H, -62.7, -38.5
1a6m,A,GLY ,  65,H, -59.9, -35.7
1a6m,A,VAL ,  66,H, -63.3, -44.5
1a6m,A,THR ,  67,H, -56.0, -47.4
1a6m,A,VAL ,  68,H, -62.7, -50.4
1a6m,A,LEU ,  69,H, -71.3, -30.4
1a6m,A,THR ,  70,H, -63.4, -44.9
1a6m,A,ALA ,  71,H, -63.1, -46.1
1a6m,A,LEU ,  72,H, -62.7, -42.3
1a6m,A,GLY ,  73,H, -60.8, -41.1
1a6m,A,ALA ,  74,H, -61.8, -38.9
1a6m,A,ILE ,  75,H, -65.6, -50.8
1a6m,A,LEU ,  76,H, -57.8, -40.6
1a6m,A,LYS ,  77,h, -68.8, -13.0
1a6m,A,LYS ,  78,T, -79.1,  -9.7
1a6m,A,LYS ,  79,T,  49.5,  50.7
1a6m,A,GLY ,  80,T,  94.4, -23.3
1a6m,A,HIS ,  81,t, -89.2,  57.9
1a6m,A,HIS ,  82,h,-113.8,  23.0
1a6m,A,GLU ,  83,H, -56.6, -45.2
1a6m,A,ALA ,  84,H, -67.2, -36.3
1a6m,A,GLU ,  85,H, -71.4, -34.1
1a6m,A,LEU ,  86,H, -77.0, -23.6
1a6m,A,LYS ,  87,H, -53.2, -56.0
1a6m,A,PRO ,  88,H, -67.9, -34.6
1a6m,A,LEU ,  89,H, -65.9, -48.8
1a6m,A,ALA ,  90,H, -62.2, -39.8
1a6m,A,GLN ,  91,H, -61.9, -47.7
1a6m,A,SER ,  92,H, -66.4, -42.3
1a6m,A,HIS ,  93,H, -71.0, -32.7
1a6m,A,ALA ,  94,H, -73.8, -51.1
1a6m,A,THR ,  95,H, -97.1, -27.0
1a6m,A,LYS ,  96,h,-105.6, -51.8
1a6m,A,HIS ,  97,t, -86.0, -18.7
1a6m,A,LYS ,  98, ,  57.2,  59.9
1a6m,A,ILE ,  99, ,-103.1, 114.1
1a6m,A,PRO , 100,h, -62.6, 150.5
1a6m,A,ILE , 101,H, -50.5, -37.4
1a6m,A,LYS , 102,H, -55.6, -35.5
1a6m,A,TYR , 103,H, -70.2, -27.7
1a6m,A,LEU , 104,H, -66.1, -34.6
1a6m,A,GLU , 105,H, -61.3, -43.5
1a6m,A,PHE , 106,H, -62.2, -45.2
1a6m,A,ILE , 107,H, -66.7, -33.8
1a6m,A,SER , 108,H, -60.4, -41.9
1a6m,A,GLU , 109,H, -62.1, -39.6
1a6m,A,ALA , 110,H, -66.2, -40.1
1a6m,A,ILE , 111,H, -58.0, -51.3
1a6m,A,ILE , 112,H, -60.0, -43.3
1a6m,A,HIS , 113,H, -61.1, -46.5
1a6m,A,VAL , 114,H, -66.5, -38.5
1a6m,A,LEU , 115,H, -62.3, -38.5
1a6m,A,HIS , 116,H, -64.8, -42.7
1a6m,A,SER , 117,H, -65.4, -41.4
1a6m,A,ARG , 118,H, -84.5, -28.5
1a6m,A,HIS , 119,h,-135.9,  50.9
1a6m,A,PRO , 120,G, -58.4, -39.8
1a6m,A,GLY , 121,G, -65.6, -18.9
1a6m,A,ASP , 122,G,-115.5,  18.5
1a6m,A,PHE , 123,g,-146.0,  44.0
1a6m,A,GLY , 124,h, -70.0,-175.4
1a6m,A,ALA , 125,H, -59.3, -39.7
1a6m,A,ASP , 126,H, -60.0, -47.8
1a6m,A,ALA , 127,H, -66.2, -37.3
1a6m,A,GLN , 128,H, -61.1, -45.3
1a6m,A,GLY , 129,H, -61.6, -42.1
1a6m,A,ALA , 130,H, -64.8, -42.7
1a6m,A,MET , 131,H, -64.9, -38.9
1a6m,A,ASN , 132,H, -58.9, -44.0
1a6m,A,LYS , 133,H, -62.7, -40.7
1a6m,A,ALA , 134,H, -65.0, -40.8
1a6m,A,LEU , 135,H, -74.9, -30.9
1a6m,A,GLU , 136,H, -61.3, -45.0
1a6m,A,LEU , 137,H, -60.4, -43.2
1a6m,A,PHE , 138,H, -53.6, -52.0
1a6m,A,ARG , 139,H, -63.6, -42.8
1a6m,A,LYS , 140,H, -55.9, -48.6
1a6m,A,ASP , 141,H, -72.7, -36.9
1a6m,A,ILE , 142,H, -62.3, -44.2
1a6m,A,ALA , 143,H, -59.3, -36.7
1a6m,A,ALA , 144,H, -65.3, -37.5
1a6m,A,LYS , 145,H, -68.4, -42.0
1a6m,A,TYR , 146,H, -55.4, -45.4
1a6m,A,LYS , 147,H, -62.5, -45.7
1a6m,A,GLU , 148,H, -51.4, -46.4
1a6m,A,LEU , 149,H, -79.7,  -5.9
1a6m,A,GLY , 150,h,  83.9,  19.7
1aho,A,LYS ,   2,E,-154.2, 160.8
1aho,A,ASP ,   3,E,-110.4, 154.4
1aho,A,GLY ,   4,E, 159.4,-176.4
1aho,A,TYR ,   5,E, -81.8, 117.9
1aho,A,ILE ,   6,e, -71.8, 147.7
1aho,A,VAL ,   7,B,-137.0, 161.8
1aho,A,ASP ,   8,t, -76.9,-171.2
1aho,A,ASP ,   9,T, -72.9,  -8.1
1aho,A,VAL ,  10,T,-119.9,  24.4
1aho,A,ASN ,  11,t,  73.6,  23.0
1aho,A,CYS ,  12, , -99.3, 128.1
1aho,A,THR ,  13,B, -68.5, 163.9
1aho,A,TYR ,  14, , -91.2, 110.5
1aho,A,PHE ,  15, , -60.2, 145.9
1aho,A,CYS ,  16, ,-155.8, 162.2
1aho,A,GLY ,  17,S,-125.8, -27.4
1aho,A,ARG ,  18,h,-120.4, 144.7
1aho,A,ASN ,  19,H, -64.4, -38.0
1aho,A,ALA ,  20,H, -61.7, -36.8
1aho,A,TYR ,  21,H, -59.9, -47.8
1aho,A,CYS ,  22,H, -67.0, -36.7
1aho,A,ASN ,  23,H, -56.9, -44.0
1aho,A,GLU ,  24,H, -63.4, -48.1
1aho,A,GLU ,  25,H, -62.5, -39.2
1aho,A,CYS ,  26,H, -65.7, -39.5
1aho,A,THR ,  27,H, -74.5, -27.2
1aho,A,LYS ,  28,H, -59.2, -37.1
1aho,A,LEU ,  29,h, -86.5,   8.0
1aho,A,LYS ,  30,T,  74.9,  18.0
1aho,A,GLY ,  31,t, -77.9, 170.9
1aho,A,GLU ,  32,S, -72.5, -49.0
1aho,A,SER ,  33,E,-171.5, 174.4
1aho,A,GLY ,  34,E,-173.3,-179.7
1aho,A,TYR ,  35,E,-154.3, 169.4
1aho,A,CYS ,  36,E, -92.4, 110.8
1aho,A,GLN ,  37,E, -82.8, 106.0
1aho,A,TRP ,  38,E, -73.9, 143.3
1aho,A,ALA ,  39,E,  57.0,  41.2
1aho,A,SER ,  40,E, -71.9, 173.0
1aho,A,PRO ,  41,T, -61.7, -12.7
1aho,A,TYR ,  42,T,-109.7,  14.6
1aho,A,GLY ,  43,E,  85.0,-165.4
1aho,A,ASN ,  44,E, -65.2, 131.0
1aho,A,ALA ,  45,E,-150.9, 143.3
1aho,A,CYS ,  46,E, -72.7, 136.6
1aho,A,TYR ,  47,E,-120.0, 131.7
1aho,A,CYS ,  48,E,-119.7, 150.1
1aho,A,TYR ,  49,E,-106.7, 140.5
1aho,A,LYS ,  50,E,  57.1,  47.6
1aho,A,LEU ,  51,E, -72.6, 151.8
1aho,A,PRO ,  52,t, -60.0, 153.8
1aho,A,ASP ,  53,T, -64.9, -21.2
1aho,A,HIS ,  54,T, -79.9, -12.3
1aho,A,VAL ,  55,t, -77.1, 136.0
1aho,A,ARG ,  56, , -76.7, 132.0
1aho,A,THR ,  57,B,-117.3, 168.5
1aho,A,LYS ,  58, , -58.2, 133.5
1aho,A,GLY ,  59, ,-123.5,-175.9
1aho,A,PRO ,  60,S, -63.7, 149.0
1aho,A,GLY ,  61,S, 115.7, 135.8
1aho,A,ARG ,  62, , -87.0, 138.3
1aho,A,CYS ,  63, ,-150.5, 118.4
